run,start
1,2024-03-18T19:45:55.0
2,2024-03-17T19:44:49.0
3,2024-03-17T20:15:59.0
4,2024-03-17T21:21:18.0
5,2024-03-18T10:16:25.0
6,2024-03-18T12:19:34.0
7,2024-03-18T12:33:28.0
8,2024-03-18T13:47:07.0
9,2024-03-18T15:06:09.0
10,2024-03-18T19:49:16.0
11,2024-03-18T21:48:57.0
12,2024-03-18T22:29:33.0
13,2024-03-18T22:53:36.0
14,2024-03-18T23:21:48.0
15,2024-03-19T01:20:11.0
16,2024-03-19T04:58:52.0
17,2024-03-19T08:26:34.0
18,2024-03-19T10:59:16.0
19,2024-03-19T16:47:15.0
20,2024-03-19T17:53:40.0
21,2024-03-19T17:59:56.0
22,2024-03-19T18:22:54.0
23,2024-03-19T18:41:14.0
24,2024-03-19T19:03:15.0
25,2024-03-19T19:20:23.0
26,2024-03-19T19:47:32.0
27,2024-03-19T20:14:17.0
28,2024-03-19T20:27:17.0
29,2024-03-19T22:30:46.0
30,2024-03-19T23:59:50.0
31,2024-03-20T02:06:31.0
32,2024-03-20T04:18:07.0
33,2024-03-20T07:05:16.0
34,2024-03-20T07:28:14.0
35,2024-03-20T10:39:12.0
36,2024-03-20T10:43:51.0
39,2024-03-20T13:08:25.0
40,2024-03-20T15:29:47.0
41,2024-03-20T15:40:40.0
42,2024-03-20T19:23:56.0
43,2024-03-20T20:41:04.0
44,2024-03-20T21:50:08.0
45,2024-03-20T23:07:03.0
46,2024-03-21T00:28:59.0
47,2024-03-21T01:30:30.0
48,2024-03-21T02:42:48.0
49,2024-03-21T03:35:35.0
50,2024-03-21T04:41:07.0
51,2024-03-21T04:58:15.0
52,2024-03-21T06:01:56.0
53,2024-03-21T07:12:59.0
54,2024-03-21T08:02:11.0
55,2024-03-21T08:09:14.0
56,2024-03-21T09:18:57.0
57,2024-03-21T10:24:18.0
58,2024-03-21T11:33:28.0
59,2024-03-21T12:39:02.0
60,2024-03-21T13:56:10.0
61,2024-03-21T14:15:49.0
62,2024-03-21T15:24:36.0
63,2024-03-21T16:26:42.0
64,2024-03-21T17:42:16.0
65,2024-03-21T18:46:10.0
66,2024-03-21T19:52:00.0
67,2024-03-21T20:58:14.0
68,2024-03-21T22:00:06.0
69,2024-03-21T23:01:54.0
70,2024-03-22T00:19:40.0
71,2024-03-22T00:51:32.0
72,2024-03-22T01:53:06.0
73,2024-03-22T02:00:03.0
74,2024-03-22T03:05:10.0
75,2024-03-22T04:05:56.0
76,2024-03-22T05:06:37.0
77,2024-03-22T06:09:45.0
79,2024-03-22T07:50:08.0
80,2024-03-22T08:56:17.0
81,2024-03-22T10:01:30.0
82,2024-03-22T10:10:04.0
83,2024-03-22T11:11:33.0
84,2024-03-22T11:31:07.0
85,2024-03-22T12:32:49.0
86,2024-03-22T12:37:33.0
87,2024-03-22T13:38:58.0
88,2024-03-22T14:37:33.0
89,2024-03-22T15:38:38.0
90,2024-03-22T16:39:54.0
91,2024-03-22T17:47:50.0
92,2024-03-22T18:50:52.0
93,2024-03-22T19:53:21.0
94,2024-03-22T20:56:01.0
95,2024-03-22T21:58:59.0
96,2024-03-22T23:01:51.0
97,2024-03-23T00:05:52.0
98,2024-03-23T01:10:32.0
99,2024-03-23T01:13:24.0
100,2024-03-23T02:23:55.0
101,2024-03-23T03:29:45.0
102,2024-03-23T04:33:02.0
103,2024-03-23T05:35:12.0
104,2024-03-23T06:35:35.0
105,2024-03-23T07:38:40.0
106,2024-03-23T08:40:05.0
107,2024-03-23T09:48:07.0
108,2024-03-23T10:49:34.0
109,2024-03-23T11:50:34.0
110,2024-03-23T12:52:06.0
111,2024-03-23T13:58:51.0
112,2024-03-23T14:59:23.0
113,2024-03-23T16:01:22.0
114,2024-03-23T17:03:40.0
115,2024-03-23T18:13:00.0
116,2024-03-23T19:15:46.0
117,2024-03-23T20:18:17.0
118,2024-03-23T20:27:35.0
119,2024-03-23T21:29:32.0
120,2024-03-23T22:32:30.0
121,2024-03-23T23:34:31.0
122,2024-03-24T00:34:48.0
123,2024-03-24T00:39:33.0
124,2024-03-24T01:38:14.0
125,2024-03-24T02:36:07.0
126,2024-03-24T03:36:09.0
127,2024-03-24T04:34:47.0
128,2024-03-24T05:41:11.0
129,2024-03-24T06:39:28.0
130,2024-03-24T07:42:00.0
131,2024-03-24T08:49:05.0
132,2024-03-24T10:02:10.0
133,2024-03-24T10:56:55.0
134,2024-03-24T12:02:20.0
135,2024-03-24T13:01:17.0
136,2024-03-24T14:02:44.0
137,2024-03-24T15:02:11.0
138,2024-03-24T16:07:43.0
139,2024-03-24T17:09:27.0
140,2024-03-24T18:13:25.0
141,2024-03-24T19:14:24.0
142,2024-03-24T19:24:28.0
143,2024-03-24T20:25:14.0
144,2024-03-24T20:41:52.0
145,2024-03-24T20:53:16.0
146,2024-03-24T21:54:26.0
147,2024-03-24T22:56:28.0
148,2024-03-24T23:27:25.0
149,2024-03-24T23:31:14.0
150,2024-03-25T00:03:12.0
151,2024-03-25T00:09:11.0
152,2024-03-25T01:08:50.0
153,2024-03-25T01:35:55.0
154,2024-03-25T02:36:24.0
155,2024-03-25T03:38:58.0
156,2024-03-25T04:37:54.0
157,2024-03-25T05:37:18.0
158,2024-03-25T06:36:45.0
159,2024-03-25T07:41:11.0
160,2024-03-25T08:44:11.0
161,2024-03-25T09:51:37.0
162,2024-03-25T10:15:55.0
163,2024-03-25T10:22:51.0
164,2024-03-25T10:25:46.0
165,2024-03-25T11:40:11.0
166,2024-03-25T12:43:49.0
167,2024-03-25T13:44:49.0
168,2024-03-25T14:46:27.0
169,2024-03-25T14:52:10.0
170,2024-03-25T14:54:49.0
171,2024-03-25T15:56:11.0
172,2024-03-25T16:00:04.0
173,2024-03-25T16:03:30.0
174,2024-03-25T17:04:24.0
175,2024-03-25T18:09:12.0
176,2024-03-25T18:15:37.0
177,2024-03-25T19:24:11.0
178,2024-03-25T20:28:03.0
179,2024-03-25T20:34:27.0
180,2024-03-25T21:36:46.0
181,2024-03-25T22:37:56.0
182,2024-03-25T23:39:13.0
183,2024-03-26T00:42:24.0
184,2024-03-26T01:50:35.0
185,2024-03-26T02:59:02.0
186,2024-03-26T04:04:57.0
187,2024-03-26T05:07:46.0
188,2024-03-26T06:23:56.0
189,2024-03-26T06:37:17.0
190,2024-03-26T06:42:19.0
191,2024-03-26T06:44:33.0
192,2024-03-26T07:47:02.0
193,2024-03-26T08:53:36.0
194,2024-03-26T10:03:45.0
195,2024-03-26T11:12:55.0
196,2024-03-26T12:17:42.0
197,2024-03-26T12:50:16.0
198,2024-03-26T23:06:20.0
199,2024-03-27T15:23:40.0
200,2024-04-02T10:22:42.0
201,2024-04-02T12:08:40.0
202,2024-04-02T13:51:15.0
203,2024-04-02T15:44:30.0
300,2024-04-03T19:26:49.0
301,2024-04-03T19:52:31.0
